[
    {
        "id": 47354605,
        "tag_name": "v5.1.15",
        "name": "Firebase Crashlytics support for Mendix v8.15 up to v8.18.8 Apps",
        "draft": false,
        "prerelease": false,
        "body": "### Description \r\n\r\nThis release introduces support for Firebase Crashlytics and removes previous references to the deprecated `Fabric.io` dependencies. \r\n",
        "created_at": "2021-08-05T11:09:55Z",
        "published_at": "2021-08-05T13:05:56Z",
        "tarball_url": "https://api.github.com/repos/mendix/native-template/tarball/v5.1.15",
        "zipball_url": "https://api.github.com/repos/mendix/native-template/zipball/v5.1.15"
    },
    {
        "id": 47354493,
        "tag_name": "v5.2.2",
        "name": "Firebase Crashlytics support for Mendix v8.18.9 Apps",
        "draft": false,
        "prerelease": false,
        "body": "### Description \r\n\r\nThis release introduces support for Firebase Crashlytics and removes previous references to the deprecated `Fabric.io` dependencies. \r\n",
        "created_at": "2021-08-05T11:09:03Z",
        "published_at": "2021-08-05T13:05:46Z",
        "tarball_url": "https://api.github.com/repos/mendix/native-template/tarball/v5.2.2",
        "zipball_url": "https://api.github.com/repos/mendix/native-template/zipball/v5.2.2"
    },
    {
        "id": 46991691,
        "tag_name": "v6.2.2",
        "name": "Fix for auto linking failures on iOS",
        "draft": false,
        "prerelease": false,
        "body": "### Description \r\nThis release fixes a bug with the auto linking mechanism for iOS that was introduced with v6.2.1. Please update if you previously updated to v6.2.1.\r\n\r\n### Fixes\r\n- We fixed a bug with the auto linking mechanism introduced with v6.2.1 which can lead to iOS builds failing.",
        "created_at": "2021-07-29T16:29:10Z",
        "published_at": "2021-07-29T16:33:29Z",
        "tarball_url": "https://api.github.com/repos/mendix/native-template/tarball/v6.2.2",
        "zipball_url": "https://api.github.com/repos/mendix/native-template/zipball/v6.2.2"
    },
    {
        "id": 46914062,
        "tag_name": "v5.2.1",
        "name": "Android API 30 support for Mendix 8.18.9 Apps",
        "draft": false,
        "prerelease": false,
        "body": "### Re-release of v5.2.0\r\nThis is a re-release of v5.2.0 with required fixes. You should update if you are already on 5.2.0.\r\n\r\n### Breaking Change\r\n\r\n- We bumped the `react-native-image` internal dependency to version `4.0.3` and introduced the `react-native-permissions` dependency. Developers would need to update their `NativeMobileResources` module from the App Store to the latest version to avoid unexpected behaviours. Due to this change, developers previously relying on Over-The-Air updates for their apps would have to release new applications to the app store.\r\n\r\n[Read more on the API 30 requirent for Google Play](https://developer.android.com/distribute/play-policies#APILevel30)\r\n\r\n### Improvements\r\n\r\n- We made an improvement to the the capability configurations. We added an Implementation for the `appCenterOTA` capability. This removes the previous need to have `Codepush` bundled with every application even when Over-The-Air support is not enabled via the Native Mobile App Builder.\r\n- We implemented support for Android 11 devices.\r\n- We bumped `react-native-codepush` dependency to `6.4.1` due to security concerns on the previous version.\r\n",
        "created_at": "2021-07-28T09:56:34Z",
        "published_at": "2021-07-28T15:24:40Z",
        "tarball_url": "https://api.github.com/repos/mendix/native-template/tarball/v5.2.1",
        "zipball_url": "https://api.github.com/repos/mendix/native-template/zipball/v5.2.1"
    },
    {
        "id": 46913890,
        "tag_name": "v6.2.1",
        "name": "Android API 30 support",
        "draft": false,
        "prerelease": false,
        "body": "### Re-release of v6.2.0\r\nThis is a re-release of v6.2.0 with the required fixes. Please update if you already are on v6.2.0\r\n\r\n### Breaking Change\r\n\r\n- We bumped the `react-native-image` internal dependency to version `4.0.3` and introduced the `react-native-permissions` dependency. Developers would need to update their `NativeMobileResources` module from the App Store to the latest version to avoid unexpected behaviours. Due to this change, developers previously relying on Over-The-Air updates for their apps would have to release new applications to the app store.\r\n\r\n[Read more on the API 30 requirent for Google Play](https://developer.android.com/distribute/play-policies#APILevel30)\r\n\r\n\r\n### Improvements\r\n\r\n- We made an improvement to the the capability configurations. We added an Implementation for the `appCenterOTA` capability. This removes the previous need to have `Codepush` bundled with every application even when Over-The-Air support is not enabled via the Native Mobile App Builder.\r\n- We implemented support for Android 11 devices.\r\n- We bumped `react-native-codepush` dependency to `6.4.1` due to security concerns on the previous version.\r\n\r\n### Fixes\r\n\r\n- We fixed a bug with Custom Developer apps introduced with 6.2.0 \r\n- We fixed a bug with a peer dependency introduce when upgading to API 30. \r\n",
        "created_at": "2021-07-28T15:18:22Z",
        "published_at": "2021-07-28T15:22:15Z",
        "tarball_url": "https://api.github.com/repos/mendix/native-template/tarball/v6.2.1",
        "zipball_url": "https://api.github.com/repos/mendix/native-template/zipball/v6.2.1"
    },
    {
        "id": 46421480,
        "tag_name": "v5.1.14",
        "name": "Flexible support for Over-The-Air-Updates with CodePush for Mendix v8.15 up to v8.18.8 Apps",
        "draft": false,
        "prerelease": false,
        "body": "### Improvements\r\n\r\n- We made an improvement to the the capability configurations. We added an Implementation for the `appCenterOTA` capability. This removes the previous need to have `Codepush` bundled with every application even when Over-The-Air support is not enabled via the Native Mobile App Builder.\r\n- We bumped `react-native-codepush` dependency to `6.4.1` due to security concerns on the previous version.\r\n- We removed support for the deprecated Fabric & Crashlytics module.\r\n\r\n",
        "created_at": "2021-07-20T11:48:57Z",
        "published_at": "2021-07-20T13:41:04Z",
        "tarball_url": "https://api.github.com/repos/mendix/native-template/tarball/v5.1.14",
        "zipball_url": "https://api.github.com/repos/mendix/native-template/zipball/v5.1.14"
    },
    {
        "id": 46420903,
        "tag_name": "v5.2.0",
        "name": "Android API 30 support for Mendix 8.18.9 Apps",
        "draft": false,
        "prerelease": true,
        "body": "### Breaking Change\r\n\r\n- We bumped the `react-native-image` internal dependency to version `4.0.3` and introduced the `react-native-permissions` dependency. Developers would need to update their `NativeMobileResources` module from the App Store to the latest version to avoid unexpected behaviours. Due to this change, developers previously relying on Over-The-Air updates for their apps would have to release new applications to the app store.\r\n\r\n[Read more on the API 30 requirent for Google Play](https://developer.android.com/distribute/play-policies#APILevel30)\r\n\r\n### Improvements\r\n\r\n- We made an improvement to the the capability configurations. We added an Implementation for the `appCenterOTA` capability. This removes the previous need to have `Codepush` bundled with every application even when Over-The-Air support is not enabled via the Native Mobile App Builder.\r\n- We implemented support for Android 11 devices.\r\n- We bumped `react-native-codepush` dependency to `6.4.1` due to security concerns on the previous version.\r\n",
        "created_at": "2021-07-19T13:53:25Z",
        "published_at": "2021-07-20T13:41:47Z",
        "tarball_url": "https://api.github.com/repos/mendix/native-template/tarball/v5.2.0",
        "zipball_url": "https://api.github.com/repos/mendix/native-template/zipball/v5.2.0"
    },
    {
        "id": 46420756,
        "tag_name": "v6.2.0",
        "name": "Android API 30 support",
        "draft": false,
        "prerelease": true,
        "body": "\r\n### Breaking Change\r\n\r\n- We bumped the `react-native-image` internal dependency to version `4.0.3` and introduced the `react-native-permissions` dependency. Developers would need to update their `NativeMobileResources` module from the App Store to the latest version to avoid unexpected behaviours. Due to this change, developers previously relying on Over-The-Air updates for their apps would have to release new applications to the app store.\r\n\r\n[Read more on the API 30 requirent for Google Play](https://developer.android.com/distribute/play-policies#APILevel30)\r\n\r\n### Improvements\r\n\r\n- We made an improvement to the the capability configurations. We added an Implementation for the `appCenterOTA` capability. This removes the previous need to have `Codepush` bundled with every application even when Over-The-Air support is not enabled via the Native Mobile App Builder.\r\n- We implemented support for Android 11 devices.\r\n- We bumped `react-native-codepush` dependency to `6.4.1` due to security concerns on the previous version.\r\n",
        "created_at": "2021-07-19T13:53:12Z",
        "published_at": "2021-07-20T13:41:56Z",
        "tarball_url": "https://api.github.com/repos/mendix/native-template/tarball/v6.2.0",
        "zipball_url": "https://api.github.com/repos/mendix/native-template/zipball/v6.2.0"
    },
    {
        "id": 45502590,
        "tag_name": "v5.1.13",
        "name": "Hardening Deeplinks on Custom Dev apps",
        "draft": false,
        "prerelease": false,
        "body": "### Description\r\n**DISCLAIMER: Release builds of your apps are not affected by any of these bugs.** \r\n\r\nWe identified and fixed that iOS Custom Dev Apps do not call the correct callback when the app is opened. \r\n\r\nWe Identified that Android Custom Dev Apps might crash with the common \"Call your administrator\" dialog under certain circumstances when Deep Links are used. \r\n\r\n### Improvements\r\nWhen installing pods (`pod install`) the Native Template is able to derive the XCode version on the system and correctly apply the XCode 12.5 compatibility patch. \r\n\r\n### Fixes\r\n- We identified and fixed an issue on iOS Custom Dev Apps with Deep links.\r\n- We identified and fixed an issue on Android Custom Dev apps with Deep links crashing the application.",
        "created_at": "2021-06-30T15:49:17Z",
        "published_at": "2021-06-30T15:51:23Z",
        "tarball_url": "https://api.github.com/repos/mendix/native-template/tarball/v5.1.13",
        "zipball_url": "https://api.github.com/repos/mendix/native-template/zipball/v5.1.13"
    },
    {
        "id": 45500375,
        "tag_name": "v6.1.7",
        "name": "Fix Android Custom Dev App crash with Deeplinks",
        "draft": false,
        "prerelease": false,
        "body": "### Description\r\n**DISCLAIMER: Release builds of your apps are not affected by this bug.** \r\n\r\nWe Identified that Android Custom Dev Apps might crash with the common \"Call your administrator\" dialog under certain circumstances when Deep Links are used. \r\n\r\n### Fixes \r\n\r\n- We identified and fixed an issue on Android Custom Dev apps with Deep links crashing the application.",
        "created_at": "2021-06-30T15:14:14Z",
        "published_at": "2021-06-30T15:20:00Z",
        "tarball_url": "https://api.github.com/repos/mendix/native-template/tarball/v6.1.7",
        "zipball_url": "https://api.github.com/repos/mendix/native-template/zipball/v6.1.7"
    },
    {
        "id": 44474518,
        "tag_name": "v5.1.12",
        "name": "Add Deep Links support to Custom Developer Apps for Mendx 9 apps",
        "draft": false,
        "prerelease": false,
        "body": "### Improvements\r\n\r\n* Custom developer apps now fully support deep links. This allows you to use custom developer apps to test deeplink use cases. For more information, see [How to Create a Custom Developer App](/howto/mobile/how-to-devapps) and [How to Set Up Deep Links in Native Mobile Apps](/howto/mobile/native-deep-link).\r\n\r\n### Breaking Change\r\n\r\nOn iOS, there are now two implementations of `AppDelegate.m.`: one for release apps, and one for developer apps. The more features we added, the more boilerplate we had to add to support the more complex requirements of custom developer apps. By splitting the implementation, release apps now receive a clean and simple implementation with the more complex implementation abstracted away. \r\n\r\nThis should make it easier to add custom code by simply following a dependency's documentation. \r\n\r\nPlease note that if your app requires custom initialization, for example, due to third-party dependencies, and you plan to test the implementation using custom developer apps, from this version and higher **you must duplicate that custom work** in the AppDelegate (found in `Dev/AppDelegate.m`).**",
        "created_at": "2021-06-11T11:42:09Z",
        "published_at": "2021-06-11T11:43:00Z",
        "tarball_url": "https://api.github.com/repos/mendix/native-template/tarball/v5.1.12",
        "zipball_url": "https://api.github.com/repos/mendix/native-template/zipball/v5.1.12"
    },
    {
        "id": 44359445,
        "tag_name": "v6.1.6",
        "name": "Add Deep Links support to Custom Developer Apps for Mendx 9 apps",
        "draft": false,
        "prerelease": false,
        "body": "### Improvements\r\n\r\n* Custom developer apps now fully support deep links. This allows you to use custom developer apps to test deeplink use cases. For more information, see [How to Create a Custom Developer App](/howto/mobile/how-to-devapps) and [How to Set Up Deep Links in Native Mobile Apps](/howto/mobile/native-deep-link).\r\n\r\n### Breaking Change\r\n\r\nOn iOS, there are now two implementations of `AppDelegate.m.`: one for release apps, and one for developer apps. The more features we added, the more boilerplate we had to add to support the more complex requirements of custom developer apps. By splitting the implementation, release apps now receive a clean and simple implementation with the more complex implementation abstracted away. \r\n\r\nThis should make it easier to add custom code by simply following a dependency's documentation. \r\n\r\nPlease note that if your app requires custom initialization, for example, due to third-party dependencies, and you plan to test the implementation using custom developer apps, from this version and higher **you must duplicate that custom work** in the AppDelegate (found in `Dev/AppDelegate.m`).**",
        "created_at": "2021-06-09T16:11:07Z",
        "published_at": "2021-06-09T16:12:14Z",
        "tarball_url": "https://api.github.com/repos/mendix/native-template/tarball/v6.1.6",
        "zipball_url": "https://api.github.com/repos/mendix/native-template/zipball/v6.1.6"
    },
    {
        "id": 44334134,
        "tag_name": "v5.1.12-rc2",
        "name": "",
        "draft": false,
        "prerelease": true,
        "body": "",
        "created_at": "2021-06-09T09:34:44Z",
        "published_at": "2021-06-09T09:36:09Z",
        "tarball_url": "https://api.github.com/repos/mendix/native-template/tarball/v5.1.12-rc2",
        "zipball_url": "https://api.github.com/repos/mendix/native-template/zipball/v5.1.12-rc2"
    },
    {
        "id": 42965873,
        "tag_name": "v5.1.11",
        "name": "Hotfixes for Mendix 8.15.1 and newer",
        "draft": false,
        "prerelease": false,
        "body": "### Fixes\r\n\r\n- We fixed an issue with the Firebase module dependencies being automatically linked on the iOS application even when the Firebase capability is disabled.",
        "created_at": "2021-05-14T15:18:36Z",
        "published_at": "2021-05-14T15:21:09Z",
        "tarball_url": "https://api.github.com/repos/mendix/native-template/tarball/v5.1.11",
        "zipball_url": "https://api.github.com/repos/mendix/native-template/zipball/v5.1.11"
    },
    {
        "id": 42842834,
        "tag_name": "v6.1.5",
        "name": "Fix for failing Android builds when using Firebase",
        "draft": false,
        "prerelease": false,
        "body": "### Fixes\r\nA new version of Google Firebase has been released that breaks compatibility with the version used in the the Firebase related pluggable widgets. \r\n\r\n**If you are using Firebase push notifications in your application, update your Native Template to avoid your Android builds failing.**",
        "created_at": "2021-05-12T13:38:24Z",
        "published_at": "2021-05-12T13:58:15Z",
        "tarball_url": "https://api.github.com/repos/mendix/native-template/tarball/v6.1.5",
        "zipball_url": "https://api.github.com/repos/mendix/native-template/zipball/v6.1.5"
    },
    {
        "id": 40999241,
        "tag_name": "v5.1.10",
        "name": "Hotfixes for Mendix 8.15.1 and newer",
        "draft": false,
        "prerelease": false,
        "body": "### Hotfix for v5.1.9\r\n\r\nThis release fixes a bug with v5.1.9 that could lead to iOS builds failing for no apparent reason.\r\n\r\n### Improvements \r\n\r\n- Android Custom Developer Apps support deep links. \r\n\r\n### Fixes \r\n\r\n- We fixed an issue that was causing iOS builds to fail with Native Template v5.1.9.\r\n",
        "created_at": "2021-04-06T13:53:37Z",
        "published_at": "2021-04-06T13:56:25Z",
        "tarball_url": "https://api.github.com/repos/mendix/native-template/tarball/v5.1.10",
        "zipball_url": "https://api.github.com/repos/mendix/native-template/zipball/v5.1.10"
    },
    {
        "id": 40780276,
        "tag_name": "v6.1.4",
        "name": "Hotfix for v6.1.3 for Mendix 9",
        "draft": false,
        "prerelease": false,
        "body": "### Hotfix for v6.1.3\r\n\r\n- We fixed an issue that was causing iOS builds to fail with Native Template v6.1.3.\r\n\r\n### Improvements\r\n\r\nThe iOS apps should now use a single window and handle scene switching with view controllers instead. This should result in better compatibility in some edge cases.\r\n\r\n### Fixes \r\n\r\n- We fixed the App Center scripts to fail early when something is wrong.",
        "created_at": "2021-03-31T19:14:53Z",
        "published_at": "2021-03-31T19:18:06Z",
        "tarball_url": "https://api.github.com/repos/mendix/native-template/tarball/v6.1.4",
        "zipball_url": "https://api.github.com/repos/mendix/native-template/zipball/v6.1.4"
    },
    {
        "id": 40748109,
        "tag_name": "v6.1.3",
        "name": "Improvements for Mendix 9 apps",
        "draft": false,
        "prerelease": false,
        "body": "### Improvements\r\n\r\nThe iOS apps should now use a single window and handle scene switching with view controllers instead. This should result in better compatibility in some edge cases.\r\n\r\n### Fixes \r\n\r\n- We fixed the App Center scripts to fail early when something is wrong.",
        "created_at": "2021-03-31T09:42:10Z",
        "published_at": "2021-03-31T09:51:41Z",
        "tarball_url": "https://api.github.com/repos/mendix/native-template/tarball/v6.1.3",
        "zipball_url": "https://api.github.com/repos/mendix/native-template/zipball/v6.1.3"
    },
    {
        "id": 40747803,
        "tag_name": "v5.1.9",
        "name": "Enabling Mobile Toolkit for Mendix 8.15.1 and newer",
        "draft": false,
        "prerelease": false,
        "body": "### Mobile Toolkit\r\nMobile Toolkit is a new configuration CLI that we introduced to the Native Template. This way we are moving the responsibility of configuring your project to the Template, allowing off-line users a path to auto configuring their project that previously was impossible due to the online requirement of the Native Mobile Builder. The cli supports a single command:\r\n\r\n`native-mobile-toolkit configure --config-path='./config.json'`\r\n\r\nor\r\n\r\n`npm run configure`\r\n\r\nNative Mobile Builder writes to the config.json and commits assets to relative locations. The CLI then reads the config and handles, configuring the projects and moving any assets to the right locations for the projects.\r\n\r\n### Fixes\r\n\r\n- We fixed another case where Firebase might crash the Custom Developer app when enabling debug mode.",
        "created_at": "2021-03-31T09:32:25Z",
        "published_at": "2021-03-31T09:46:08Z",
        "tarball_url": "https://api.github.com/repos/mendix/native-template/tarball/v5.1.9",
        "zipball_url": "https://api.github.com/repos/mendix/native-template/zipball/v5.1.9"
    },
    {
        "id": 40747684,
        "tag_name": "v5.0.13",
        "name": "Hotfixes for Mendix 8.12.1 up to 8.15.0",
        "draft": false,
        "prerelease": false,
        "body": "### Fixes\r\n\r\n- We fixed another case where Firebase might crash the Custom Developer app when enabling debug mode. ",
        "created_at": "2021-03-31T09:32:43Z",
        "published_at": "2021-03-31T09:44:03Z",
        "tarball_url": "https://api.github.com/repos/mendix/native-template/tarball/v5.0.13",
        "zipball_url": "https://api.github.com/repos/mendix/native-template/zipball/v5.0.13"
    },
    {
        "id": 39990814,
        "tag_name": "v6.1.2",
        "name": "Improvements for Mendix 9",
        "draft": false,
        "prerelease": false,
        "body": "### Improvements\r\n\r\n* Switched to using ExoPlayer for the video widgets.\r\n* When toggling capabilities manually a know version of the required dependency will be added to the app.\r\n* We Introduced firebase and Crashlytics capabilities for each supported platform.\r\n\r\n\r\n\r\n\r\n",
        "created_at": "2021-03-18T09:08:36Z",
        "published_at": "2021-03-18T09:16:15Z",
        "tarball_url": "https://api.github.com/repos/mendix/native-template/tarball/v6.1.2",
        "zipball_url": "https://api.github.com/repos/mendix/native-template/zipball/v6.1.2"
    },
    {
        "id": 39922629,
        "tag_name": "v5.0.12",
        "name": "Hotfixes for Mendix 8.12.1 up to 8.15.0",
        "draft": false,
        "prerelease": false,
        "body": "### Fixes\r\n\r\n* We fixed an issue that could crash apps due to the fix released with v5.1.7 of Native Template\r\n* We fixed an issue that could crash a custom developer app when JS debugging was enabled.",
        "created_at": "2021-03-17T06:54:36Z",
        "published_at": "2021-03-17T06:59:04Z",
        "tarball_url": "https://api.github.com/repos/mendix/native-template/tarball/v5.0.12",
        "zipball_url": "https://api.github.com/repos/mendix/native-template/zipball/v5.0.12"
    },
    {
        "id": 39922613,
        "tag_name": "v5.1.8",
        "name": "Hotfixes for Mendix 8.15.1 and newer",
        "draft": false,
        "prerelease": false,
        "body": "### Fixes \r\n* We fixed an issue that  could crash apps due to the fix released with v5.1.7 of Native Template\r\n* We fixed an issue that could crash a custom developer app when JS debugging was enabled.",
        "created_at": "2021-03-17T06:55:26Z",
        "published_at": "2021-03-17T06:58:20Z",
        "tarball_url": "https://api.github.com/repos/mendix/native-template/tarball/v5.1.8",
        "zipball_url": "https://api.github.com/repos/mendix/native-template/zipball/v5.1.8"
    },
    {
        "id": 39742207,
        "tag_name": "v5.1.7",
        "name": "[Retracted] Hotfixes for Mendix 8.15.1 and newer",
        "draft": false,
        "prerelease": true,
        "body": "### Fixes\r\n- We fixed an issue that could crash a custom developer app when JS debugging was enabled.",
        "created_at": "2021-03-12T22:48:58Z",
        "published_at": "2021-03-12T22:54:23Z",
        "tarball_url": "https://api.github.com/repos/mendix/native-template/tarball/v5.1.7",
        "zipball_url": "https://api.github.com/repos/mendix/native-template/zipball/v5.1.7"
    },
    {
        "id": 39742186,
        "tag_name": "v5.0.11",
        "name": "[Retracted] Hotfixes for Mendix 8.12.1 up to 8.15.0",
        "draft": false,
        "prerelease": true,
        "body": "### Fixes\r\n- We fixed an issue that could crash a custom developer app when JS debugging was enabled.",
        "created_at": "2021-03-12T22:47:56Z",
        "published_at": "2021-03-12T22:53:15Z",
        "tarball_url": "https://api.github.com/repos/mendix/native-template/tarball/v5.0.11",
        "zipball_url": "https://api.github.com/repos/mendix/native-template/zipball/v5.0.11"
    },
    {
        "id": 38072265,
        "tag_name": "v6.1.1",
        "name": "Hotfixes for Mendix 9.0.3 or later",
        "draft": false,
        "prerelease": false,
        "body": "### Fixes\r\n\r\n- The react-native-image-picker patch should now apply correctly on windows.\r\n- On iOS the PRODUCT_NAME variable is now settable via the XC config file of each target. ",
        "created_at": "2021-02-15T17:08:52Z",
        "published_at": "2021-02-15T17:18:09Z",
        "tarball_url": "https://api.github.com/repos/mendix/native-template/tarball/v6.1.1",
        "zipball_url": "https://api.github.com/repos/mendix/native-template/zipball/v6.1.1"
    },
    {
        "id": 38072200,
        "tag_name": "v5.1.6",
        "name": "Hotfixes for Mendix 8.15.1 and newer",
        "draft": false,
        "prerelease": false,
        "body": "### Fixes\r\n\r\n- We updated react-native-image-picker dependency\r\n- The react-native-image-picker patch should now apply correctly on windows.\r\n- On iOS the PRODUCT_NAME variable is now settable via XC config file of each target. ",
        "created_at": "2021-02-15T17:08:17Z",
        "published_at": "2021-02-15T17:16:28Z",
        "tarball_url": "https://api.github.com/repos/mendix/native-template/tarball/v5.1.6",
        "zipball_url": "https://api.github.com/repos/mendix/native-template/zipball/v5.1.6"
    },
    {
        "id": 38072172,
        "tag_name": "v5.0.10",
        "name": "Hotfixes for Mendix 8.12.1 up to 8.15.0",
        "draft": false,
        "prerelease": false,
        "body": "### Fixes\r\n\r\n- We updated react-native-image-picker dependency\r\n- The react-native-image-picker patch should now apply correctly on windows.\r\n- On iOS the PRODUCT_NAME variable is now settable via XC config file of each target. ",
        "created_at": "2021-02-15T17:08:01Z",
        "published_at": "2021-02-15T17:15:22Z",
        "tarball_url": "https://api.github.com/repos/mendix/native-template/tarball/v5.0.10",
        "zipball_url": "https://api.github.com/repos/mendix/native-template/zipball/v5.0.10"
    },
    {
        "id": 37991246,
        "tag_name": "v6.1.0",
        "name": "Dependency management for Mendix Studio Pro 9.0.3 Beta ",
        "draft": false,
        "prerelease": false,
        "body": "### Dependency Management\r\nWith this release Native Template supports the newly introduced Native Dependency management system released with Mendix Studio Pro 9.0.3 in conjunction with Mendix Native Mobile Builder.\r\n\r\nNative widgets and JS actions can now define their Native Dependencies. Mendix Native Mobile Builder, collects the dependencies and sets up your Native Template with exactly the dependencies that are needed. \r\n\r\n### Mobile Toolkit\r\nMobile Toolkit is a new configuration CLI that we introduced to the Native Template. This way we are moving the responsibility of configuring your project to the Template, allowing off-line users a path to auto configuring their project that previously was impossible due to the online requirement of the Native Mobile Builder. The cli supports a single command: \r\n\r\n`native-mobile-toolkit configure --config-path='./config.json'` \r\n\r\nor \r\n\r\n`npm run configure`\r\n\r\nNative Mobile Builder writes to the config.json and commits assets to relative locations. The CLI then reads the config and handles, configuring the projects and moving any assets to the right locations for the projects. \r\n\r\n### Fixes \r\n- Target SKD reverted to 29 to support legacy storage on Android API 30\r\n- Reverted Android Gradle Plugin version to 4.0.2 to fix a short coming of App Center and version 4.1.x\r\n- Updated the React Native Device Info library to fix security issues\r\n- Patched React Native Image Picker to fix an issue with duplicate images on Android.",
        "created_at": "2021-02-05T13:30:25Z",
        "published_at": "2021-02-12T18:50:48Z",
        "tarball_url": "https://api.github.com/repos/mendix/native-template/tarball/v6.1.0",
        "zipball_url": "https://api.github.com/repos/mendix/native-template/zipball/v6.1.0"
    },
    {
        "id": 37372005,
        "tag_name": "v5.0.9",
        "name": "Hotfixes for Mendix 8.12.1 up to 8.15.0",
        "draft": false,
        "prerelease": false,
        "body": "### Fixes\r\n\r\n- Fixed the keyboard behaviour on Android for inputs in scrollable views.\r\n- Updated the React Native Device Info library to fix security issues.\r\n- Patched React Native Image Picker to fix an issue with duplicated images on Android.",
        "created_at": "2021-02-04T18:58:18Z",
        "published_at": "2021-02-04T19:03:06Z",
        "tarball_url": "https://api.github.com/repos/mendix/native-template/tarball/v5.0.9",
        "zipball_url": "https://api.github.com/repos/mendix/native-template/zipball/v5.0.9"
    },
    {
        "id": 37371963,
        "tag_name": "v5.1.5",
        "name": "Hotfixes for Mendix 8.15.1 and newer",
        "draft": false,
        "prerelease": false,
        "body": "### Fixes\r\n\r\n- Fixed the keyboard behaviour on Android for inputs in scrollable views.\r\n- Updated the React Native Device Info library to fix security issues.\r\n- Patched React Native Image Picker to fix an issue with duplicated images on Android.",
        "created_at": "2021-02-04T18:58:04Z",
        "published_at": "2021-02-04T19:02:10Z",
        "tarball_url": "https://api.github.com/repos/mendix/native-template/tarball/v5.1.5",
        "zipball_url": "https://api.github.com/repos/mendix/native-template/zipball/v5.1.5"
    },
    {
        "id": 37371938,
        "tag_name": "v6.0.2",
        "name": "Hotfixes for Mendix 9",
        "draft": false,
        "prerelease": false,
        "body": "### Fixes\r\n\r\n- Fixed the keyboard behaviour on Android for inputs in scrollable views.\r\n- Updated the React Native Device Info library to fix security issues.\r\n- Patched React Native Image Picker to fix an issue with duplicated images on Android.",
        "created_at": "2021-02-04T18:57:47Z",
        "published_at": "2021-02-04T19:01:30Z",
        "tarball_url": "https://api.github.com/repos/mendix/native-template/tarball/v6.0.2",
        "zipball_url": "https://api.github.com/repos/mendix/native-template/zipball/v6.0.2"
    },
    {
        "id": 36872065,
        "tag_name": "v6.0.1",
        "name": "Android build specific fixes for Mendix 9",
        "draft": false,
        "prerelease": false,
        "body": "### Fixes\r\n- Downgraded targetAPI to 29 to support legacy storage on Android version 10 and 11.\r\n- Downgraded the Android Gradle Plugin version to v4.0.2 to fix an issue on App Center with v4.1.x.",
        "created_at": "2021-01-25T17:34:25Z",
        "published_at": "2021-01-25T17:39:59Z",
        "tarball_url": "https://api.github.com/repos/mendix/native-template/tarball/v6.0.1",
        "zipball_url": "https://api.github.com/repos/mendix/native-template/zipball/v6.0.1"
    },
    {
        "id": 35619036,
        "tag_name": "v6.0.0",
        "name": "Support for Mendix Studio Pro 9",
        "draft": false,
        "prerelease": false,
        "body": "### Description\r\nMendix Studio Pro 9 and Mendix Studio 9 give you powerful new tools to enhance your apps. For the full list of changes, see the Studio Pro 9 and Studio 9 release notes. With Native template 6.0.0 we add support for Mendix Studio Pro 9 Native Mobile development.\r\n\r\n### Highlights\r\n- Upgraded core dependencies.\r\n- Better push notification support. Local notifications do not require Firebase to be setup and work out of the box.\r\n",
        "created_at": "2020-12-22T15:09:11Z",
        "published_at": "2020-12-22T15:10:31Z",
        "tarball_url": "https://api.github.com/repos/mendix/native-template/tarball/v6.0.0",
        "zipball_url": "https://api.github.com/repos/mendix/native-template/zipball/v6.0.0"
    },
    {
        "id": 35576289,
        "tag_name": "v4.2.6",
        "name": "Fix push notification handler iOS crash for Studio Pro 8.9.x up to 8.12.0",
        "draft": false,
        "prerelease": false,
        "body": "### Fixes\r\n- We fixed the the App crashing when opening a push notification (iOS)",
        "created_at": "2020-12-17T14:39:39Z",
        "published_at": "2020-12-21T16:38:52Z",
        "tarball_url": "https://api.github.com/repos/mendix/native-template/tarball/v4.2.6",
        "zipball_url": "https://api.github.com/repos/mendix/native-template/zipball/v4.2.6"
    },
    {
        "id": 35575982,
        "tag_name": "v5.1.4",
        "name": "Fix push notification handler iOS crash for Studio Pro 8.15.1 and newer",
        "draft": false,
        "prerelease": false,
        "body": "### Fixes\r\n- We fixed the the App crashing when opening a push notification (iOS)",
        "created_at": "2020-12-17T14:35:52Z",
        "published_at": "2020-12-21T16:39:22Z",
        "tarball_url": "https://api.github.com/repos/mendix/native-template/tarball/v5.1.4",
        "zipball_url": "https://api.github.com/repos/mendix/native-template/zipball/v5.1.4"
    },
    {
        "id": 35575777,
        "tag_name": "v5.0.8",
        "name": "Fix push notification handler iOS crash for Studio Pro 8.12.1 up to 8.15.0",
        "draft": false,
        "prerelease": false,
        "body": "### Fixes\r\n- We fixed the the App crashing when opening a push notification (iOS)",
        "created_at": "2020-12-17T14:36:15Z",
        "published_at": "2020-12-21T16:39:09Z",
        "tarball_url": "https://api.github.com/repos/mendix/native-template/tarball/v5.0.8",
        "zipball_url": "https://api.github.com/repos/mendix/native-template/zipball/v5.0.8"
    },
    {
        "id": 34570692,
        "tag_name": "v6.0.0-beta.1",
        "name": "",
        "draft": false,
        "prerelease": true,
        "body": "",
        "created_at": "2020-11-25T14:48:38Z",
        "published_at": "2020-11-30T11:03:58Z",
        "tarball_url": "https://api.github.com/repos/mendix/native-template/tarball/v6.0.0-beta.1",
        "zipball_url": "https://api.github.com/repos/mendix/native-template/zipball/v6.0.0-beta.1"
    },
    {
        "id": 34504730,
        "tag_name": "v5.1.3",
        "name": "Fix the DatePicker behaviour on iOS 14 for Studio Pro 8.15.1 and newer",
        "draft": false,
        "prerelease": false,
        "body": "### Improvements\r\n- We updated the iOS peer dependencies\r\n\r\n### Fixes\r\n- We updated the underlying DatePicker library to fix a bug with iOS 14",
        "created_at": "2020-11-27T13:33:19Z",
        "published_at": "2020-11-27T13:34:47Z",
        "tarball_url": "https://api.github.com/repos/mendix/native-template/tarball/v5.1.3",
        "zipball_url": "https://api.github.com/repos/mendix/native-template/zipball/v5.1.3"
    },
    {
        "id": 34500358,
        "tag_name": "v5.1.2",
        "name": "[Retracted]",
        "draft": false,
        "prerelease": true,
        "body": "",
        "created_at": "2020-11-27T11:28:54Z",
        "published_at": "2020-11-27T11:35:41Z",
        "tarball_url": "https://api.github.com/repos/mendix/native-template/tarball/v5.1.2",
        "zipball_url": "https://api.github.com/repos/mendix/native-template/zipball/v5.1.2"
    },
    {
        "id": 34500341,
        "tag_name": "v5.0.7",
        "name": "Fix the DatePicker behaviour on iOS 14 for Studio Pro 8.12.1 up to 8.15.0",
        "draft": false,
        "prerelease": false,
        "body": "### Improvements\r\n- We updated the iOS peer dependencies\r\n\r\n### Fixes\r\n- We updated the underlying DatePicker library to fix a bug with iOS 14",
        "created_at": "2020-11-27T11:30:52Z",
        "published_at": "2020-11-27T11:35:14Z",
        "tarball_url": "https://api.github.com/repos/mendix/native-template/tarball/v5.0.7",
        "zipball_url": "https://api.github.com/repos/mendix/native-template/zipball/v5.0.7"
    },
    {
        "id": 34500316,
        "tag_name": "v4.2.5",
        "name": "Fix the DatePicker behaviour on iOS 14 for Studio Pro 8.9.x up to 8.12.0",
        "draft": false,
        "prerelease": false,
        "body": "### Improvements\r\n- We updated the iOS peer dependencies\r\n\r\n### Fixes\r\n- We updated the underlying DatePicker library to fix a bug with iOS 14",
        "created_at": "2020-11-27T11:32:14Z",
        "published_at": "2020-11-27T11:34:36Z",
        "tarball_url": "https://api.github.com/repos/mendix/native-template/tarball/v4.2.5",
        "zipball_url": "https://api.github.com/repos/mendix/native-template/zipball/v4.2.5"
    },
    {
        "id": 33662769,
        "tag_name": "v3.2.2",
        "name": "[Hotfix] Remove outdated Detox dependency",
        "draft": false,
        "prerelease": false,
        "body": "### Fixes\r\n- We fixed an issue with the npm installation on Native Template targeting Mendix Studio Pro 8.8 due to an outdated dependency.",
        "created_at": "2020-11-09T17:07:21Z",
        "published_at": "2020-11-09T17:10:25Z",
        "tarball_url": "https://api.github.com/repos/mendix/native-template/tarball/v3.2.2",
        "zipball_url": "https://api.github.com/repos/mendix/native-template/zipball/v3.2.2"
    },
    {
        "id": 33363355,
        "tag_name": "v5.1.1",
        "name": "Xcode 12 base64 image support for Studio Pro 8.15.x and newer",
        "draft": false,
        "prerelease": false,
        "body": "### Improvements\r\nThis release makes Mendix Native Mobile apps fully compatible with Xcode 12's build system.\r\n\r\n### Fixes\r\n- Base64 encoded images should again be fully supported with builds done with Xcode 12.",
        "created_at": "2020-11-02T16:40:22Z",
        "published_at": "2020-11-02T16:41:44Z",
        "tarball_url": "https://api.github.com/repos/mendix/native-template/tarball/v5.1.1",
        "zipball_url": "https://api.github.com/repos/mendix/native-template/zipball/v5.1.1"
    },
    {
        "id": 33363164,
        "tag_name": "v5.0.6",
        "name": "Xcode 12 base64 image support for Studio Pro 8.12.1 up to 8.14.x",
        "draft": false,
        "prerelease": false,
        "body": "### Improvements\r\nThis release makes Mendix Native Mobile apps fully compatible with Xcode 12's build system.\r\n\r\n### Fixes\r\n- Base64 encoded images should again be fully supported with builds done with Xcode 12.\r\n",
        "created_at": "2020-11-02T16:36:37Z",
        "published_at": "2020-11-02T16:38:50Z",
        "tarball_url": "https://api.github.com/repos/mendix/native-template/tarball/v5.0.6",
        "zipball_url": "https://api.github.com/repos/mendix/native-template/zipball/v5.0.6"
    },
    {
        "id": 33362896,
        "tag_name": "v4.2.4",
        "name": "Xcode 12 base64 image support for Studio Pro 8.9.x up to 8.12.0",
        "draft": false,
        "prerelease": false,
        "body": "### Improvements\r\nThis release makes Mendix Native Mobile apps fully compatible with Xcode 12's build system.\r\n\r\n### Fixes\r\n- Base64 encoded images should again be fully supported with builds done with Xcode 12. ",
        "created_at": "2020-11-02T16:17:20Z",
        "published_at": "2020-11-02T16:34:23Z",
        "tarball_url": "https://api.github.com/repos/mendix/native-template/tarball/v4.2.4",
        "zipball_url": "https://api.github.com/repos/mendix/native-template/zipball/v4.2.4"
    },
    {
        "id": 33101186,
        "tag_name": "v5.1.0",
        "name": "New Capabilities support",
        "draft": false,
        "prerelease": false,
        "body": "### Disclaimer\r\n\r\nThis release is required to use the Capabilities support introduced with the new Mendix Native Mobile Builder. As long as you have not updated you won't be able to make use of that functionality in the tool.\r\n\r\n### Capabilities support\r\n\r\nWith the release of Mendix Native Mobile Builder, included when installing Mendix Studio Pro 8.15 or later, we are introducing a new approach in linking dependencies. \r\n\r\nWhile previous versions  of Native Template would have all core dependencies linked by default; for example an app would have Firebase even though it is not using any functionality; with the new approach we are building on top of React Native's auto linking behaviour and extending it a step further.\r\n\r\nWe gathered all core functionalities and grouped them under the platform specific `capabilities.*.json`  files. With a simple boolean toggle Native Template is able to link the required dependencies for the enabled capability, even the non auto-linkable ones. This happens as part of the pod installation for iOS and building on Android. After each change to this files remember to run `pod install` and build your Android project, so that the new files can be generated.\r\n\r\nSome steps, like the inclusion of the Google Service configuration, or the google map api, are still manual, if you are building locally.\r\nIf you would like to further simplify these steps consider using the Mendix Native Mobile Builder to just configure your project and build your project however you like. \r\n",
        "created_at": "2020-10-27T10:23:49Z",
        "published_at": "2020-10-27T10:24:23Z",
        "tarball_url": "https://api.github.com/repos/mendix/native-template/tarball/v5.1.0",
        "zipball_url": "https://api.github.com/repos/mendix/native-template/zipball/v5.1.0"
    },
    {
        "id": 32915834,
        "tag_name": "v5.1.0-rc.0",
        "name": "Extending capabilities support",
        "draft": false,
        "prerelease": true,
        "body": "### Breaking change\r\nWhile playing with our new capabilities support we identified some shortcomings.\r\nIn the initial implementation we thought of both platforms as a single configuration. \"Less is more\" they say, but in this particular case, less was too limiting. Therefor this update brings the splitting of the `capabilities.json` file to two new files, `capabilities.android.json`, and `capabilities.ios.json`. This allows the toggling of capabilities as needed for each platform.\r\n\r\n#### What does that mean for Native Mobile Builder users: \r\nIf you are using the Native Mobile Builder. Make sure you are using 0.9.x or later and there's nothing to fear, the builder will take care of things when re-building your project.\r\n\r\n#### What does that mean for advance tinkerers:\r\nIf you are building locally, keep in mind that for enabling the needed capabilities the respective files for each platform need to be modified.\r\nIn addition, **on iOS**,  you will need to run `pod install`, as code generation is a sub-step of the pod installation flow. \r\n\r\n### Push notification support for Native Mobile Builder\r\nOn top of that functionality, we introduced Push Notifications support with just a few clicks. \r\n\r\nJump into the Capabilities page and enable Push Notifications. Setup your Google Service configuration files, build and the new app should have Push Notifications configured.\r\n\r\n**Offline tinkerers**\r\nEnable the push notification capability for the platform you want by editing the appropriate `capabilities.*.json`, add the Google Service configuration file for each platform as advised by the platform's documentation and you are good to go.\r\n\r\n### Improvements\r\n- Added support for XCode 12.\r\n- Added missing iPad icons, that would lead to apps being rejected when committed to TestFlight.\r\n- Enabled legacy storage support to allow for some failing file operations to work correctly on Android 10 and later.\r\n- Fixed a bug in our generator logic, that would lead to local Android builds to fail when running on Windows.",
        "created_at": "2020-10-22T10:19:54Z",
        "published_at": "2020-10-22T12:39:10Z",
        "tarball_url": "https://api.github.com/repos/mendix/native-template/tarball/v5.1.0-rc.0",
        "zipball_url": "https://api.github.com/repos/mendix/native-template/zipball/v5.1.0-rc.0"
    },
    {
        "id": 32757768,
        "tag_name": "v5.0.5",
        "name": "Fix for Android 10 legacy external storage for Studio Pro 12.1 and later",
        "draft": false,
        "prerelease": false,
        "body": "### Fixes\r\n- Setting the legacy external storage flag to support Android 10 and later.\r\n- Added support for missing iPad icons.",
        "created_at": "2020-10-19T13:53:09Z",
        "published_at": "2020-10-19T13:58:45Z",
        "tarball_url": "https://api.github.com/repos/mendix/native-template/tarball/v5.0.5",
        "zipball_url": "https://api.github.com/repos/mendix/native-template/zipball/v5.0.5"
    },
    {
        "id": 32757719,
        "tag_name": "v4.2.3",
        "name": "Fix for Android 10 legacy external storage",
        "draft": false,
        "prerelease": false,
        "body": "### Fixes\r\n- Setting the legacy external storage flag to support Android 10 and later.\r\n- Added support for missing iPad icons.",
        "created_at": "2020-10-19T13:52:55Z",
        "published_at": "2020-10-19T13:57:48Z",
        "tarball_url": "https://api.github.com/repos/mendix/native-template/tarball/v4.2.3",
        "zipball_url": "https://api.github.com/repos/mendix/native-template/zipball/v4.2.3"
    },
    {
        "id": 32353000,
        "tag_name": "v5.0.4",
        "name": "XCode 12 support Medix Studio Pro 8.12+",
        "draft": false,
        "prerelease": false,
        "body": "### Improvements\r\n\r\nWe updated a number of dependencies to ensure support with XCode 12. We also updated the App Center configuration to use XCode 12 and Node LTS.",
        "created_at": "2020-10-08T18:19:11Z",
        "published_at": "2020-10-09T04:14:26Z",
        "tarball_url": "https://api.github.com/repos/mendix/native-template/tarball/v5.0.4",
        "zipball_url": "https://api.github.com/repos/mendix/native-template/zipball/v5.0.4"
    },
    {
        "id": 32122998,
        "tag_name": "v4.2.2",
        "name": "XCode 12 support Mendix Studio Pro up to 8.12.0",
        "draft": false,
        "prerelease": false,
        "body": "### Improvements\r\nWe updated a number of dependencies to ensure support with XCode 12. We also updated the App Center configuration to use XCode 12 and Node LTS.",
        "created_at": "2020-10-03T10:55:05Z",
        "published_at": "2020-10-03T12:21:15Z",
        "tarball_url": "https://api.github.com/repos/mendix/native-template/tarball/v4.2.2",
        "zipball_url": "https://api.github.com/repos/mendix/native-template/zipball/v4.2.2"
    },
    {
        "id": 31473607,
        "tag_name": "v4.3.0-beta",
        "name": "[Beta] Capabilities support for Studio Pro up to 8.12",
        "draft": false,
        "prerelease": true,
        "body": "### Description\r\nThis is a beta release of Native Template complimentary to the Native Builder UI Beta. \r\nIt is required for capabilities support to function correctly in Native Builder UI.\r\n\r\n### Features\r\n- Capabilities toggling support\r\n- Advance dependency linking",
        "created_at": "2020-09-17T14:03:46Z",
        "published_at": "2020-09-17T14:06:58Z",
        "tarball_url": "https://api.github.com/repos/mendix/native-template/tarball/v4.3.0-beta",
        "zipball_url": "https://api.github.com/repos/mendix/native-template/zipball/v4.3.0-beta"
    },
    {
        "id": 31338382,
        "tag_name": "v5.1.0-beta",
        "name": "[Beta] Capabilities support",
        "draft": false,
        "prerelease": true,
        "body": "### Description\r\nThis is a beta release of Native Template complimentary to the Native Builder UI Beta. \r\nIt is required for capabilities support to function correctly in Native Builder UI.\r\n\r\n### Features\r\n- Capabilities toggling support\r\n- Advance dependency linking",
        "created_at": "2020-09-15T15:33:36Z",
        "published_at": "2020-09-15T15:37:17Z",
        "tarball_url": "https://api.github.com/repos/mendix/native-template/tarball/v5.1.0-beta",
        "zipball_url": "https://api.github.com/repos/mendix/native-template/zipball/v5.1.0-beta"
    },
    {
        "id": 30592652,
        "tag_name": "v5.0.2",
        "name": "Fix crash on iOS",
        "draft": false,
        "prerelease": false,
        "body": "### Fixes\r\n- We fixed an exception due to threading that could cause a crash on iOS",
        "created_at": "2020-09-02T15:03:32Z",
        "published_at": "2020-09-02T15:06:18Z",
        "tarball_url": "https://api.github.com/repos/mendix/native-template/tarball/v5.0.2",
        "zipball_url": "https://api.github.com/repos/mendix/native-template/zipball/v5.0.2"
    },
    {
        "id": 30152217,
        "tag_name": "v4.2.1",
        "name": "Comply with targetSDK 29 requirement for Google Play for Mendix Studio up to 8.12",
        "draft": false,
        "prerelease": false,
        "body": "As of August 2020 Google Play requires apps to be build targetting SDK 29. This version of the Native Template complies with these requirements.\r\n\r\n**More info**: https://support.google.com/googleplay/android-developer/answer/113469#targetsdk",
        "created_at": "2020-08-26T11:54:33Z",
        "published_at": "2020-08-26T11:56:25Z",
        "tarball_url": "https://api.github.com/repos/mendix/native-template/tarball/v4.2.1",
        "zipball_url": "https://api.github.com/repos/mendix/native-template/zipball/v4.2.1"
    },
    {
        "id": 30151926,
        "tag_name": "v5.0.1",
        "name": "Comply with targetSDK 29 requirement for Google Play",
        "draft": false,
        "prerelease": false,
        "body": "As of August 2020 Google Play requires apps to be build targetting SDK 29. This version of the Native Template complies with these requirements.\r\n\r\n**More info**: https://support.google.com/googleplay/android-developer/answer/113469#targetsdk",
        "created_at": "2020-08-26T11:39:01Z",
        "published_at": "2020-08-26T11:48:00Z",
        "tarball_url": "https://api.github.com/repos/mendix/native-template/tarball/v5.0.1",
        "zipball_url": "https://api.github.com/repos/mendix/native-template/zipball/v5.0.1"
    },
    {
        "id": 29416707,
        "tag_name": "v5.0.0",
        "name": "Better splash screen support",
        "draft": false,
        "prerelease": false,
        "body": "### Notice\r\nMendix Studio Pro 8.12.1 introduces better splash screen support for Native Apps. As the new functionality requires new native dependencies the changes are not backward compatible with previous Mendix Studio versions.\r\n\r\n### Improvements\r\nIn the first implementation, splash screens were static resources controlled by the native side of the app. While good enough in simple cases; they are inadequate for longer syncing sessions; where the splash screen could toggle off too soon.\r\n\r\nWith the new implementation, splash screens are fully togglable via the client. That means that the client has full control over the splash screen. That translates to better on/off timing and less missed frames for longer syncing sessions.",
        "created_at": "2020-08-06T16:09:10Z",
        "published_at": "2020-08-06T16:28:33Z",
        "tarball_url": "https://api.github.com/repos/mendix/native-template/tarball/v5.0.0",
        "zipball_url": "https://api.github.com/repos/mendix/native-template/zipball/v5.0.0"
    },
    {
        "id": 27876976,
        "tag_name": "v4.2.0",
        "name": "Bug fixes",
        "draft": false,
        "prerelease": false,
        "body": "## Fixes \r\n\r\n- Mitigated the Gradle Java out of memory issue when building on App Center due to App Center's recent changes.\r\n- We added an error message to iOS for when the Bundle or the Runtime URL is missing. \r\n- Fixed an issue with styling Text Fields on Android when both a margin and height was defined.",
        "created_at": "2020-06-18T09:02:24Z",
        "published_at": "2020-06-24T14:43:52Z",
        "tarball_url": "https://api.github.com/repos/mendix/native-template/tarball/v4.2.0",
        "zipball_url": "https://api.github.com/repos/mendix/native-template/zipball/v4.2.0"
    },
    {
        "id": 27566217,
        "tag_name": "v4.1.1",
        "name": "Fix for iOS device orientation issues",
        "draft": false,
        "prerelease": false,
        "body": "This release fixes an issue where the root view will not resize correctly when switching between device orientations.",
        "created_at": "2020-06-15T17:27:56Z",
        "published_at": "2020-06-15T17:31:40Z",
        "tarball_url": "https://api.github.com/repos/mendix/native-template/tarball/v4.1.1",
        "zipball_url": "https://api.github.com/repos/mendix/native-template/zipball/v4.1.1"
    },
    {
        "id": 26858289,
        "tag_name": "v4.1.0",
        "name": "Support for Mendix Studio Pro 8.10 features",
        "draft": false,
        "prerelease": false,
        "body": "New Features: \r\n\r\n### Support for Mendix Studio 8.10 synchronization fixes for Custom Developer Apps\r\nPrior to 8.10, Custom Developer Apps had to do a full session data request with each reload, slowing down the developer experience tremendously. \r\nFrom 8.10 onwards the client is able to tell when and what to sync. This behavior should emulate incremental syncs better and more consistently.\r\n\r\n### Fixes \r\n* We removed the complimentary libraries for the Camera module that were added with the 4.0.0 release and that made Firebase a mandatory dependency when any camera functionality was used of iOS.",
        "created_at": "2020-05-25T10:28:25Z",
        "published_at": "2020-05-25T10:36:18Z",
        "tarball_url": "https://api.github.com/repos/mendix/native-template/tarball/v4.1.0",
        "zipball_url": "https://api.github.com/repos/mendix/native-template/zipball/v4.1.0"
    },
    {
        "id": 26012230,
        "tag_name": "v4.0.0",
        "name": "Mendix Studio Pro 8.9 support",
        "draft": false,
        "prerelease": false,
        "body": "This is the release supporting Studio Pro 8.9 and onwards. This release includes a major upgrade of the included dependencies which renders it incompatible with previous versions of Studio Pro. \r\n\r\n**Please upgrade with caution, only if you are upgrading your project to Studio Pro 8.9.**",
        "created_at": "2020-04-29T15:51:31Z",
        "published_at": "2020-04-29T15:56:02Z",
        "tarball_url": "https://api.github.com/repos/mendix/native-template/tarball/v4.0.0",
        "zipball_url": "https://api.github.com/repos/mendix/native-template/zipball/v4.0.0"
    },
    {
        "id": 25184243,
        "tag_name": "v3.2.1",
        "name": "Removal of UIWebView pt.2",
        "draft": false,
        "prerelease": false,
        "body": "* We removed unused UIWebview references from the base framework that could trigger the App Store warning",
        "created_at": "2020-04-03T18:59:56Z",
        "published_at": "2020-04-03T18:58:03Z",
        "tarball_url": "https://api.github.com/repos/mendix/native-template/tarball/v3.2.1",
        "zipball_url": "https://api.github.com/repos/mendix/native-template/zipball/v3.2.1"
    },
    {
        "id": 24818504,
        "tag_name": "v3.2.0",
        "name": "Removal of UIWebView",
        "draft": false,
        "prerelease": false,
        "body": "With this release, we are removing the UIWebView from our codebase. This is in compliance with Apple's App Store requirements for releasing new apps.\r\n\r\n### This release is compatible with Mendix Studio Pro 8.8 and later and is required to release new Apps on the App Store from 1st of April.",
        "created_at": "2020-03-24T16:31:24Z",
        "published_at": "2020-03-24T16:34:50Z",
        "tarball_url": "https://api.github.com/repos/mendix/native-template/tarball/v3.2.0",
        "zipball_url": "https://api.github.com/repos/mendix/native-template/zipball/v3.2.0"
    },
    {
        "id": 24132514,
        "tag_name": "v3.1.3",
        "name": "Android enhancements ",
        "draft": false,
        "prerelease": false,
        "body": "* We fixed a memory issue. The Android template now uses use a larger heap by default to accommodate for memory-heavy tasks.\r\n* We fixed an issue where the Android app crashed when the maps widget was used but the API key had not been configured yet. The Android app no longer crashes in this case.",
        "created_at": "2020-03-02T14:07:46Z",
        "published_at": "2020-03-02T14:12:27Z",
        "tarball_url": "https://api.github.com/repos/mendix/native-template/tarball/v3.1.3",
        "zipball_url": "https://api.github.com/repos/mendix/native-template/zipball/v3.1.3"
    },
    {
        "id": 23800826,
        "tag_name": "v3.1.2",
        "name": "Fix OTA not working on iOS",
        "draft": false,
        "prerelease": false,
        "body": "- We identified and fixed an issue with OTA on iOS",
        "created_at": "2020-02-19T11:46:53Z",
        "published_at": "2020-02-19T11:48:29Z",
        "tarball_url": "https://api.github.com/repos/mendix/native-template/tarball/v3.1.2",
        "zipball_url": "https://api.github.com/repos/mendix/native-template/zipball/v3.1.2"
    },
    {
        "id": 23454183,
        "tag_name": "v3.1.1",
        "name": "Fixing images not syncing on iOS",
        "draft": false,
        "prerelease": false,
        "body": "**When updating from v3.1.0 a rebuild of the iOS app is required.**\r\n\r\n### Fixes\r\n\r\n* On iOS dynamic images should again be synced correctly to the device.",
        "created_at": "2020-02-06T17:18:43Z",
        "published_at": "2020-02-06T17:21:39Z",
        "tarball_url": "https://api.github.com/repos/mendix/native-template/tarball/v3.1.1",
        "zipball_url": "https://api.github.com/repos/mendix/native-template/zipball/v3.1.1"
    },
    {
        "id": 23405152,
        "tag_name": "v3.1.0",
        "name": "Objective-C rewrite",
        "draft": false,
        "prerelease": false,
        "body": "## Please update to v3.1.1 to avoid an iOS bug with file syncing.\r\n\r\n### Improvements\r\n\r\n* The MendixNative library and [Native Template](https://github.com/mendix/native-template) are now written in Objective-C. Besides being more aligned with the whole React Native ecosystem, with this update, we are further closing the gap between the Native Template and the React Native starter template. Now that they are more aligned, we can work on supporting new React Native features like [autolinking](https://github.com/react-native-community/cli/blob/master/docs/autolinking.md) as we upgrade to newer versions of React Native.\r\n\r\n* The Native Template now supports push notifications. As soon as you include a Google services configuration file (GoogleService-Info.plist* and *google-services.json* in your app, the Native Template will enable the required libraries automatically.\r\n\r\n* Added support for URL Schemes.\r\n\r\n### Fixes\r\n\r\n* Bridging Headers should now work as intended and not collide when building.\r\n* Swift compiler incompatibilities should not occur anymore with new versions of XCode.\r\n* React Native link command should now work as intended for both platforms.\r\n",
        "created_at": "2020-02-04T12:41:06Z",
        "published_at": "2020-02-05T11:02:30Z",
        "tarball_url": "https://api.github.com/repos/mendix/native-template/tarball/v3.1.0",
        "zipball_url": "https://api.github.com/repos/mendix/native-template/zipball/v3.1.0"
    },
    {
        "id": 22741392,
        "tag_name": "v3.0.0",
        "name": "Custom Developer Apps",
        "draft": false,
        "prerelease": false,
        "body": "With this release, we officially added support for generating custom developer applications per Mendix App and per Studio Pro versions.\r\n",
        "created_at": "2020-01-10T13:29:48Z",
        "published_at": "2020-01-10T13:30:54Z",
        "tarball_url": "https://api.github.com/repos/mendix/native-template/tarball/v3.0.0",
        "zipball_url": "https://api.github.com/repos/mendix/native-template/zipball/v3.0.0"
    },
    {
        "id": 22290766,
        "tag_name": "v2.1.0",
        "name": "Better keyboard avoiding behavior on iOS",
        "draft": false,
        "prerelease": false,
        "body": "### Improvement\r\n\r\n* Introduced a more consistent keyboard-avoiding behavior on iOS.\r\n\r\n### Breaking Change\r\n\r\n* The new keyboard-avoiding behavior may introduce visual artifacts for apps built against Mendix Studio Pro versions earlier than 8.5.0.",
        "created_at": "2019-12-12T10:53:04Z",
        "published_at": "2019-12-18T09:24:43Z",
        "tarball_url": "https://api.github.com/repos/mendix/native-template/tarball/v2.1.0",
        "zipball_url": "https://api.github.com/repos/mendix/native-template/zipball/v2.1.0"
    },
    {
        "id": 21740119,
        "tag_name": "v2.0.2",
        "name": "SVG Support",
        "draft": false,
        "prerelease": false,
        "body": "With this release, we officially added support for the SVG in Mendix apps. \r\nIn addition, a number of fixes have been applied.\r\n\r\nAndroid: \r\n* Fixed an issue that would not allow apps to work in offline mode\r\n* Updated SVG library\r\n* Added all required but missing permissions\r\n\r\niOS \r\n* Fixed a configuration issue that would make Firebase a mandatory requirement for the Barcode Scanner functionality\r\n* Compiled libraries for XCode 11.2.1 and latest Swift version",
        "created_at": "2019-11-25T16:51:01Z",
        "published_at": "2019-11-25T16:58:53Z",
        "tarball_url": "https://api.github.com/repos/mendix/native-template/tarball/v2.0.2",
        "zipball_url": "https://api.github.com/repos/mendix/native-template/zipball/v2.0.2"
    },
    {
        "id": 21282545,
        "tag_name": "v2.0.1",
        "name": "Support for Developer Mode",
        "draft": false,
        "prerelease": false,
        "body": "* Include support for developer mode\r\n* Removed RNFirebase package as this breaks remote debugging when not configured\r\n* Disable development-mode handler in release mode",
        "created_at": "2019-11-07T07:32:07Z",
        "published_at": "2019-11-07T10:15:54Z",
        "tarball_url": "https://api.github.com/repos/mendix/native-template/tarball/v2.0.1",
        "zipball_url": "https://api.github.com/repos/mendix/native-template/zipball/v2.0.1"
    },
    {
        "id": 21088001,
        "tag_name": "v2.0.0",
        "name": "A New Beginning",
        "draft": false,
        "prerelease": false,
        "body": "- Added support for Dark theme and Dark Mode for Android 10 and iOS 13 respectively\r\n- Added Over-the-air updates support\r\n- Migrated iOS project to Xcode 11\r\n- Switch App Center build platform to standard ReactNative",
        "created_at": "2019-10-30T14:04:40Z",
        "published_at": "2019-10-30T14:06:25Z",
        "tarball_url": "https://api.github.com/repos/mendix/native-template/tarball/v2.0.0",
        "zipball_url": "https://api.github.com/repos/mendix/native-template/zipball/v2.0.0"
    },
    {
        "id": 21057237,
        "tag_name": "v1.1.0",
        "name": "Stabilise Native dependencies for Android and iOS",
        "draft": false,
        "prerelease": false,
        "body": "- Make sure to pin risky modules to specific versions\r\n- Lock device rotation to portrait only\r\n- Introduce project-based App Center build configurations\r\n- Fix reload handler for Android\r\n- Fix jitpack.io dependency repository",
        "created_at": "2019-10-29T15:02:34Z",
        "published_at": "2019-10-29T15:05:42Z",
        "tarball_url": "https://api.github.com/repos/mendix/native-template/tarball/v1.1.0",
        "zipball_url": "https://api.github.com/repos/mendix/native-template/zipball/v1.1.0"
    },
    {
        "id": 19140199,
        "tag_name": "v1.0.3",
        "name": "Fix iOS static images missing after build",
        "draft": false,
        "prerelease": false,
        "body": "Images are now correctly extracted to `Bundle/assets/img`",
        "created_at": "2019-08-07T15:24:22Z",
        "published_at": "2019-08-07T15:25:57Z",
        "tarball_url": "https://api.github.com/repos/mendix/native-template/tarball/v1.0.3",
        "zipball_url": "https://api.github.com/repos/mendix/native-template/zipball/v1.0.3"
    },
    {
        "id": 19051462,
        "tag_name": "v1.0.2",
        "name": "Fixed an issue where small splash screens could affect the android window viewport",
        "draft": false,
        "prerelease": false,
        "body": "- We identified and fixed an issue where a smaller than than the display resolution splash screen would break the viewport of the app",
        "created_at": "2019-08-02T19:07:16Z",
        "published_at": "2019-08-02T20:57:25Z",
        "tarball_url": "https://api.github.com/repos/mendix/native-template/tarball/v1.0.2",
        "zipball_url": "https://api.github.com/repos/mendix/native-template/zipball/v1.0.2"
    },
    {
        "id": 19044433,
        "tag_name": "v1.0.1",
        "name": "Fix Appcenter failing when the project has no resources",
        "draft": false,
        "prerelease": false,
        "body": "- Fixed an issue where projects with no resources would crash the Appcenter build",
        "created_at": "2019-08-02T15:04:26Z",
        "published_at": "2019-08-02T15:15:39Z",
        "tarball_url": "https://api.github.com/repos/mendix/native-template/tarball/v1.0.1",
        "zipball_url": "https://api.github.com/repos/mendix/native-template/zipball/v1.0.1"
    },
    {
        "id": 19012038,
        "tag_name": "v1.0.0",
        "name": "Official release of the Native Template ",
        "draft": false,
        "prerelease": false,
        "body": "Official release of the Native Template with support for Mendix Studio Pro 8.0.",
        "created_at": "2019-07-31T14:57:49Z",
        "published_at": "2019-08-01T11:34:02Z",
        "tarball_url": "https://api.github.com/repos/mendix/native-template/tarball/v1.0.0",
        "zipball_url": "https://api.github.com/repos/mendix/native-template/zipball/v1.0.0"
    }
]
